longitude,latitude,size_height,size_width,tree_species,farmer_first_name,farmer_last_name,farmer_national_id,parcel_id,parcel_area,created_at,farmer_birthday,species_latin_name
-70.656531,-11.534821,19.29,,Palm,Luis,Martinez,902301226267571442,4f2cd9d6-5db6-5081-92a5-517f1b92949a,173.78,2024-03-04 20:19:08,,Arecaceae
-70.749857,-11.464434,16.77,99.21,Maple,Alejandro,Lopez,4518066197634485419,13f5fcaa-6a0f-5fea-b1b1-7de916e89f62,191.51,2024-03-14 11:32:40,,Acer
-70.525871,-11.496938,33.31,163.69,Oak,Ana,Lopez,6181705172969536148,30637841-124b-5a8a-981c-b1edb326908f,73.08,2024-03-11 22:33:08,,Quercus
-70.529544,-11.494757,23.68,116.62,Maple,Rosa,Rodriguez,4590364070282946098,64f69e1e-8c2a-57f9-bce5-ac10ef1f61b0,43.96,2024-03-10 20:21:20,,Acer
-70.610692,-11.338272,12.45,42.85,Fir,Sebastian,Gonzalez,4869115316512327290,421ddcac-3622-5a93-9500-e30551abab45,164.11,2024-03-25 05:31:55,,Abies
-70.591786,-11.334598,19.36,71.57,Eucalyptus,Sebastian,Gonzalez,4869115316512327290,421ddcac-3622-5a93-9500-e30551abab45,164.11,2024-03-02 10:11:03,,Eucalyptus
-70.76416,-11.378751,9.73,37.41,Maple,Ana,Lopez,6181705172969536148,30637841-124b-5a8a-981c-b1edb326908f,73.08,2024-03-09 12:46:57,,Acer
-70.550708,-11.472554,23.06,,Willow,Fernando,Gonzalez,73514415500322874,1005a79a-4349-57a0-af7f-9908d7645291,90.15,2024-03-22 01:59:58,,Salix
-70.724495,-11.415593,14.17,56.32,Cedar,Rosa,Rodriguez,4590364070282946098,64f69e1e-8c2a-57f9-bce5-ac10ef1f61b0,43.96,2024-03-23 13:12:18,,Cedrus
-70.513013,-11.538304,25.0,,Willow,Luis,Martinez,902301226267571442,4f2cd9d6-5db6-5081-92a5-517f1b92949a,1.57,2024-03-25 02:24:54,,Salix
-70.584792,-11.496063,34.46,187.35,Eucalyptus,Fernando,Gonzalez,73514415500322874,1005a79a-4349-57a0-af7f-9908d7645291,90.15,2024-03-05 13:25:19,,Eucalyptus
-70.527976,-11.330186,34.07,128.19,Palm,Carlos,Rodriguez,2525770196998878965,194c0d73-0092-5c49-9a1a-28b9a2c3ac41,102.38,2024-03-30 12:30:06,,Arecaceae
-70.604155,-11.438322,13.84,,Bamboo,Rosa,Rodriguez,4590364070282946098,64f69e1e-8c2a-57f9-bce5-ac10ef1f61b0,43.96,2024-03-31 22:29:56,1971-02-04,Bambusoideae
-70.747459,-11.325751,10.27,,Bamboo,Fernando,Gonzalez,73514415500322874,1005a79a-4349-57a0-af7f-9908d7645291,90.15,2024-03-22 17:49:34,,Bambusoideae
-70.675181,-11.34925,10.17,,Pine,Pedro,Rodriguez,4657199313265762114,c5298fc4-23b0-5d86-bf40-35dfb6b60256,154.82,2024-03-15 00:21:23,1971-02-10,Pinus
-70.602659,-11.407856,13.87,81.15,Willow,Ana,Lopez,6181705172969536148,30637841-124b-5a8a-981c-b1edb326908f,73.08,2024-03-08 05:11:38,,Salix
-70.618619,-11.324655,13.98,46.51,Oak,Ana,Lopez,6181705172969536148,30637841-124b-5a8a-981c-b1edb326908f,73.08,2024-03-22 11:18:45,,Quercus
-70.675506,-11.502031,2.47,,Oak,Sebastian,Gonzalez,4869115316512327290,421ddcac-3622-5a93-9500-e30551abab45,164.11,2024-03-21 01:06:45,1971-03-01,Quercus
-70.757103,-11.502092,16.85,,Eucalyptus,Ana,Lopez,6181705172969536148,30637841-124b-5a8a-981c-b1edb326908f,73.08,2024-03-30 08:19:57,,Eucalyptus
-70.76084,-11.484929,19.66,96.74,Pine,Carlos,Rodriguez,2525770196998878965,194c0d73-0092-5c49-9a1a-28b9a2c3ac41,102.38,2024-03-20 02:36:24,,Pinus
-70.707443,-11.452892,16.54,73.27,Bamboo,Alejandro,Lopez,4518066197634485419,13f5fcaa-6a0f-5fea-b1b1-7de916e89f62,191.51,2024-03-04 20:42:27,1971-01-29,Bambusoideae
-70.796899,-11.398771,34.48,,Bamboo,Carlos,Rodriguez,2525770196998878965,194c0d73-0092-5c49-9a1a-28b9a2c3ac41,102.38,2024-03-04 03:14:49,,Bambusoideae
-70.675902,-11.485407,22.67,95.51,Palm,Pedro,Rodriguez,4657199313265762114,c5298fc4-23b0-5d86-bf40-35dfb6b60256,154.82,2024-03-21 09:10:42,,Arecaceae
-70.662488,-11.500138,17.77,65.29,Oak,Rosa,Rodriguez,4590364070282946098,64f69e1e-8c2a-57f9-bce5-ac10ef1f61b0,43.96,2024-03-27 12:08:02,,Quercus
-70.723104,-11.535458,23.78,76.87,Oak,Luis,Martinez,902301226267571442,4f2cd9d6-5db6-5081-92a5-517f1b92949a,173.78,2024-03-10 20:34:41,,Quercus
-70.787823,-11.526547,5.11,,Oak,Sebastian,Gonzalez,4869115316512327290,421ddcac-3622-5a93-9500-e30551abab45,164.11,2024-03-28 15:01:48,,Quercus
-70.557773,-11.331797,16.7,96.76,Fir,Carlos,Rodriguez,2525770196998878965,194c0d73-0092-5c49-9a1a-28b9a2c3ac41,102.38,2024-03-01 07:51:26,1970-08-08,Abies
-70.557743,-11.453355,5.93,35.18,Eucalyptus,Fernando,Gonzalez,73514415500322874,1005a79a-4349-57a0-af7f-9908d7645291,90.15,2024-03-22 02:15:58,,Eucalyptus
-70.596248,-11.32415,5.56,24.98,Cedar,Ana,Lopez,6181705172969536148,30637841-124b-5a8a-981c-b1edb326908f,73.08,2024-03-27 12:31:36,,Cedrus
-70.702022,-11.504137,15.45,89.03,Fir,Fernando,Gonzalez,73514415500322874,1005a79a-4349-57a0-af7f-9908d7645291,90.15,2024-03-03 00:20:33,,Abies
-70.569244,-11.538837,4.23,,Pine,Jorge,Garcia,5527177998482386523,42847deb-48ca-5ed9-b8c0-33c1c345b8ee,81.54,2024-03-12 02:53:32,,Pinus
-70.60496,-11.458637,34.07,,Bamboo,Carlos,Rodriguez,2525770196998878965,194c0d73-0092-5c49-9a1a-28b9a2c3ac41,102.38,2024-03-25 00:32:11,,Bambusoideae
-70.628613,-11.316409,31.05,124.66,Maple,Maria,Flores,5636319078656093,3bf26fd4-f08b-543a-910a-27c199973856,24.53,2024-03-06 15:18:55,,Acer
-70.78483,-11.424261,21.15,116.03,Willow,Maria,Flores,5636319078656093,3bf26fd4-f08b-543a-910a-27c199973856,0.22,2024-03-05 20:49:03,1970-01-01,Salix
-70.748976,-11.400371,30.88,94.98,Palm,Sebastian,Gonzalez,4869115316512327290,421ddcac-3622-5a93-9500-e30551abab45,164.11,2024-03-06 07:41:00,,Arecaceae
-70.631358,-11.349198,21.13,87.46,Eucalyptus,Rosa,Rodriguez,4590364070282946098,64f69e1e-8c2a-57f9-bce5-ac10ef1f61b0,43.96,2024-03-07 13:22:30,,Eucalyptus
-70.54536,-11.334908,26.85,,Fir,Carlos,Rodriguez,2525770196998878965,194c0d73-0092-5c49-9a1a-28b9a2c3ac41,102.38,2024-03-08 18:14:19,,Abies
-70.654311,-11.40094,11.41,58.44,Palm,Pedro,Rodriguez,4657199313265762114,c5298fc4-23b0-5d86-bf40-35dfb6b60256,154.82,2024-03-28 19:55:44,,Arecaceae
-70.75988,-11.499135,12.66,62.15,Eucalyptus,Ana,Lopez,6181705172969536148,30637841-124b-5a8a-981c-b1edb326908f,73.08,2024-03-30 22:18:19,,Eucalyptus
-70.534032,-11.435614,33.04,195.25,Fir,Carlos,Rodriguez,2525770196998878965,194c0d73-0092-5c49-9a1a-28b9a2c3ac41,102.38,2024-03-25 22:37:38,,Abies
-70.58847,-11.438368,20.31,86.53,Eucalyptus,Ana,Lopez,6181705172969536148,30637841-124b-5a8a-981c-b1edb326908f,73.08,2024-03-29 09:17:45,1971-06-23,Eucalyptus
-70.746002,-11.546149,12.97,,Oak,Alejandro,Lopez,4518066197634485419,13f5fcaa-6a0f-5fea-b1b1-7de916e89f62,191.51,2024-03-30 22:49:58,,Quercus
-70.564302,-11.523855,22.56,114.41,Eucalyptus,Maria,Flores,5636319078656093,3bf26fd4-f08b-543a-910a-27c199973856,24.53,2024-03-29 12:34:14,,Eucalyptus
-70.679661,-11.462573,16.43,92.02,Pine,Jorge,Garcia,5527177998482386523,42847deb-48ca-5ed9-b8c0-33c1c345b8ee,81.54,2024-03-10 04:18:17,,Pinus
-70.692892,-11.540805,8.74,,Cedar,Pedro,Rodriguez,4657199313265762114,c5298fc4-23b0-5d86-bf40-35dfb6b60256,154.82,2024-03-02 16:45:22,,Cedrus
-70.514778,-11.536199,21.74,,Pine,Alejandro,Lopez,4518066197634485419,13f5fcaa-6a0f-5fea-b1b1-7de916e89f62,191.51,2024-03-18 19:21:38,,Pinus
-70.601728,-11.438186,5.46,32.03,Pine,Fernando,Gonzalez,73514415500322874,1005a79a-4349-57a0-af7f-9908d7645291,90.15,2024-03-01 10:15:56,1970-01-07,Pinus
-70.746462,-11.434577,10.53,,Willow,Sebastian,Gonzalez,4869115316512327290,421ddcac-3622-5a93-9500-e30551abab45,164.11,2024-03-31 08:30:05,,Salix
-70.610678,-11.448871,21.71,118.03,Cedar,Ana,Lopez,6181705172969536148,30637841-124b-5a8a-981c-b1edb326908f,73.08,2024-03-23 18:38:46,,Cedrus
-70.782831,-11.406737,24.36,,Willow,Jorge,Garcia,5527177998482386523,42847deb-48ca-5ed9-b8c0-33c1c345b8ee,81.54,2024-03-21 05:58:27,1971-04-27,Salix
-70.586085,-11.493777,20.98,,Eucalyptus,Sebastian,Gonzalez,4869115316512327290,421ddcac-3622-5a93-9500-e30551abab45,164.11,2024-03-17 18:21:23,1971-03-01,Eucalyptus
-70.779726,-11.417739,17.41,102.55,Fir,Ana,Lopez,6181705172969536148,30637841-124b-5a8a-981c-b1edb326908f,73.08,2024-03-22 07:06:04,1971-06-23,Abies
-70.634741,-11.362471,20.02,74.94,Bamboo,Maria,Flores,5636319078656093,3bf26fd4-f08b-543a-910a-27c199973856,24.53,2024-03-28 06:41:14,,Bambusoideae
-70.756426,-11.492263,24.04,,Bamboo,Rosa,Rodriguez,4590364070282946098,64f69e1e-8c2a-57f9-bce5-ac10ef1f61b0,43.96,2024-03-13 14:11:33,,Bambusoideae
-70.78299,-11.497787,23.67,118.94,Pine,Carlos,Rodriguez,2525770196998878965,194c0d73-0092-5c49-9a1a-28b9a2c3ac41,102.38,2024-03-25 09:01:05,,Pinus
-70.669629,-11.482797,3.44,11.32,Eucalyptus,Maria,Flores,5636319078656093,3bf26fd4-f08b-543a-910a-27c199973856,24.53,2024-03-23 06:42:27,,Eucalyptus
-70.642333,-11.362305,29.07,146.68,Bamboo,Carlos,Rodriguez,2525770196998878965,194c0d73-0092-5c49-9a1a-28b9a2c3ac41,102.38,2024-03-18 06:30:42,,Bambusoideae
-70.767128,-11.396796,4.39,17.7,Bamboo,Sebastian,Gonzalez,4869115316512327290,421ddcac-3622-5a93-9500-e30551abab45,164.11,2024-03-08 03:14:31,1971-03-01,Bambusoideae
-70.602625,-11.410062,14.32,45.01,Palm,Jorge,Garcia,5527177998482386523,42847deb-48ca-5ed9-b8c0-33c1c345b8ee,81.54,2024-03-11 14:18:57,,Arecaceae
-70.551072,-11.410043,8.03,34.98,Bamboo,Carlos,Rodriguez,2525770196998878965,194c0d73-0092-5c49-9a1a-28b9a2c3ac41,102.38,2024-03-04 19:42:57,,Bambusoideae
-70.654306,-11.4576,5.94,,Eucalyptus,Carlos,Rodriguez,2525770196998878965,194c0d73-0092-5c49-9a1a-28b9a2c3ac41,102.38,2024-03-09 10:57:33,,Eucalyptus
-70.564859,-11.432997,12.13,39.99,Eucalyptus,Carlos,Rodriguez,2525770196998878965,194c0d73-0092-5c49-9a1a-28b9a2c3ac41,102.38,2024-03-04 06:04:45,1970-08-08,Eucalyptus
-70.540036,-11.528502,2.06,12.3,Bamboo,Jorge,Garcia,5527177998482386523,42847deb-48ca-5ed9-b8c0-33c1c345b8ee,81.54,2024-03-27 06:45:18,,Bambusoideae
-70.678973,-11.373491,9.32,33.91,Eucalyptus,Luis,Martinez,902301226267571442,4f2cd9d6-5db6-5081-92a5-517f1b92949a,173.78,2024-03-10 14:01:16,,Eucalyptus
-70.570483,-11.434992,9.88,,Pine,Luis,Martinez,6047588694800530430,01570370-040e-509a-b8ab-a7d73f614b31,2.2,2024-03-13 02:09:21,,Pinus
-70.773674,-11.54435,13.99,67.31,Pine,Sebastian,Gonzalez,4869115316512327290,421ddcac-3622-5a93-9500-e30551abab45,164.11,2024-03-13 05:45:51,,Pinus
-70.698005,-11.502,24.39,,Oak,Sebastian,Gonzalez,4869115316512327290,421ddcac-3622-5a93-9500-e30551abab45,164.11,2024-03-08 09:59:48,,Quercus
-70.624584,-11.375625,10.94,54.75,Willow,Rosa,Rodriguez,4590364070282946098,64f69e1e-8c2a-57f9-bce5-ac10ef1f61b0,43.96,2024-03-16 16:17:26,,Salix
-70.513488,-11.44183,29.39,,Willow,Carlos,Rodriguez,2525770196998878965,194c0d73-0092-5c49-9a1a-28b9a2c3ac41,102.38,2024-03-04 15:52:31,,Salix
-70.53217,-11.446871,32.78,105.42,Cedar,Jorge,Garcia,5527177998482386523,42847deb-48ca-5ed9-b8c0-33c1c345b8ee,81.54,2024-03-25 01:34:44,,Cedrus
-70.55669,-11.41758,23.33,,Maple,Maria,Flores,5636319078656093,3bf26fd4-f08b-543a-910a-27c199973856,24.53,2024-03-18 20:44:34,1970-01-01,Acer
-70.626203,-11.371331,32.92,161.88,Bamboo,Maria,Flores,5636319078656093,3bf26fd4-f08b-543a-910a-27c199973856,24.53,2024-03-07 23:40:43,,Bambusoideae
-70.602165,-11.483565,14.83,81.24,Maple,Alejandro,Lopez,4518066197634485419,13f5fcaa-6a0f-5fea-b1b1-7de916e89f62,191.51,2024-03-09 14:12:37,,Acer
-70.706123,-11.445736,27.18,137.82,Maple,Maria,Flores,5636319078656093,3bf26fd4-f08b-543a-910a-27c199973856,24.53,2024-03-20 14:22:17,,Acer
-70.673827,-11.494305,11.01,35.04,Maple,Rosa,Rodriguez,4590364070282946098,64f69e1e-8c2a-57f9-bce5-ac10ef1f61b0,43.96,2024-03-05 22:59:49,1971-02-04,Acer
-70.637998,-11.433779,10.19,,Eucalyptus,Ana,Lopez,6181705172969536148,30637841-124b-5a8a-981c-b1edb326908f,73.08,2024-03-04 18:10:32,,Eucalyptus
-70.692884,-11.463472,28.1,,Palm,Jorge,Garcia,5527177998482386523,42847deb-48ca-5ed9-b8c0-33c1c345b8ee,81.54,2024-03-07 14:12:50,,Arecaceae
-70.62836,-11.357295,27.02,94.02,Palm,Luis,Martinez,902301226267571442,4f2cd9d6-5db6-5081-92a5-517f1b92949a,173.78,2024-03-06 11:02:07,,Arecaceae
-70.547363,-11.547547,17.03,,Cedar,Rosa,Rodriguez,4590364070282946098,64f69e1e-8c2a-57f9-bce5-ac10ef1f61b0,43.96,2024-03-18 01:18:09,,Cedrus
-70.566159,-11.548173,4.34,20.19,Eucalyptus,Jorge,Garcia,5527177998482386523,42847deb-48ca-5ed9-b8c0-33c1c345b8ee,81.54,2024-03-06 18:22:22,,Eucalyptus
-70.600124,-11.500225,12.76,42.11,Palm,Alejandro,Lopez,4518066197634485419,13f5fcaa-6a0f-5fea-b1b1-7de916e89f62,191.51,2024-03-29 14:45:56,1971-01-29,Arecaceae
-70.768518,-11.490165,22.89,70.14,Palm,Luis,Martinez,902301226267571442,4f2cd9d6-5db6-5081-92a5-517f1b92949a,173.78,2024-03-24 19:00:22,,Arecaceae
-70.578962,-11.476149,15.05,50.62,Bamboo,Luis,Martinez,902301226267571442,4f2cd9d6-5db6-5081-92a5-517f1b92949a,173.78,2024-03-21 00:35:29,,Bambusoideae
-70.718925,-11.415471,11.16,45.96,Maple,Rosa,Rodriguez,4590364070282946098,64f69e1e-8c2a-57f9-bce5-ac10ef1f61b0,43.96,2024-03-22 18:39:26,,Acer
-70.719336,-11.389945,15.27,,Maple,Sebastian,Gonzalez,4869115316512327290,421ddcac-3622-5a93-9500-e30551abab45,164.11,2024-03-04 17:48:27,,Acer
-70.694501,-11.524097,8.59,,Bamboo,Jorge,Garcia,5527177998482386523,42847deb-48ca-5ed9-b8c0-33c1c345b8ee,81.54,2024-03-19 20:34:59,1971-04-27,Bambusoideae
-70.630019,-11.459448,32.45,171.44,Willow,Pedro,Rodriguez,4657199313265762114,c5298fc4-23b0-5d86-bf40-35dfb6b60256,154.82,2024-03-08 23:20:44,1971-02-10,Salix
-70.607866,-11.371145,25.88,90.03,Maple,Rosa,Rodriguez,4590364070282946098,64f69e1e-8c2a-57f9-bce5-ac10ef1f61b0,43.96,2024-03-02 05:00:29,,Acer
-70.73726,-11.370273,16.33,,Bamboo,Alejandro,Lopez,4518066197634485419,13f5fcaa-6a0f-5fea-b1b1-7de916e89f62,191.51,2024-03-03 13:53:39,,Bambusoideae
-70.787171,-11.451879,4.34,13.58,Fir,Maria,Flores,5636319078656093,3bf26fd4-f08b-543a-910a-27c199973856,24.53,2024-03-06 09:12:37,1970-01-01,Abies
-70.539735,-11.324675,14.24,,Eucalyptus,Ana,Lopez,6181705172969536148,30637841-124b-5a8a-981c-b1edb326908f,73.08,2024-03-14 09:40:31,,Eucalyptus
-70.777935,-11.382622,2.69,,Cedar,Pedro,Rodriguez,4657199313265762114,c5298fc4-23b0-5d86-bf40-35dfb6b60256,154.82,2024-03-14 14:15:06,,Cedrus
-70.51292,-11.400925,31.05,96.26,Eucalyptus,Alejandro,Lopez,4518066197634485419,13f5fcaa-6a0f-5fea-b1b1-7de916e89f62,191.51,2024-03-17 06:18:58,,Eucalyptus
-70.786006,-11.341947,3.34,16.44,Eucalyptus,Ana,Lopez,6181705172969536148,30637841-124b-5a8a-981c-b1edb326908f,73.08,2024-03-08 13:32:44,,Eucalyptus
-70.786972,-11.403203,12.17,,Pine,Pedro,Rodriguez,4657199313265762114,c5298fc4-23b0-5d86-bf40-35dfb6b60256,1.39,2024-03-29 08:40:39,1971-02-10,Pinus
-70.707397,-11.506962,15.06,,Cedar,Sebastian,Gonzalez,4869115316512327290,421ddcac-3622-5a93-9500-e30551abab45,164.11,2024-03-07 23:45:01,,Cedrus
-70.514472,-11.327367,31.26,119.96,Oak,Ana,Lopez,6181705172969536148,30637841-124b-5a8a-981c-b1edb326908f,73.08,2024-03-03 10:10:27,1971-06-23,Quercus
-70.742406,-11.532438,21.16,,Palm,Alejandro,Lopez,4518066197634485419,13f5fcaa-6a0f-5fea-b1b1-7de916e89f62,191.51,2024-03-26 05:53:58,,Arecaceae
-70.59083,-11.485224,22.94,96.75,Willow,Fernando,Gonzalez,73514415500322874,1005a79a-4349-57a0-af7f-9908d7645291,90.15,2024-03-21 20:03:47,,Salix
-70.684192,-11.395253,27.59,,Cedar,Maria,Flores,5636319078656093,3bf26fd4-f08b-543a-910a-27c199973856,24.53,2024-03-03 13:35:32,,Cedrus
-70.598594,-11.496428,14.23,47.87,Palm,Fernando,Gonzalez,73514415500322874,1005a79a-4349-57a0-af7f-9908d7645291,90.15,2024-03-08 23:19:20,,Arecaceae
-70.516161,-11.505458,2.93,16.47,Pine,Jorge,Garcia,5527177998482386523,42847deb-48ca-5ed9-b8c0-33c1c345b8ee,81.54,2024-03-03 12:48:06,,Pinus
-70.674046,-11.423699,31.95,118.15,Palm,Carlos,Rodriguez,2525770196998878965,194c0d73-0092-5c49-9a1a-28b9a2c3ac41,0.92,2024-03-21 10:25:20,,Arecaceae
-70.794829,-11.386817,17.85,94.24,Cedar,Pedro,Rodriguez,4657199313265762114,c5298fc4-23b0-5d86-bf40-35dfb6b60256,154.82,2024-03-02 20:02:03,,Cedrus
-70.63154,-11.348876,4.84,15.58,Fir,Pedro,Rodriguez,4657199313265762114,c5298fc4-23b0-5d86-bf40-35dfb6b60256,154.82,2024-03-25 20:18:05,,Abies
-70.516555,-11.532699,26.31,134.53,Oak,Carlos,Rodriguez,2525770196998878965,194c0d73-0092-5c49-9a1a-28b9a2c3ac41,102.38,2024-03-20 05:54:12,,Quercus
-70.539642,-11.439733,31.15,179.99,Maple,Rosa,Rodriguez,4590364070282946098,64f69e1e-8c2a-57f9-bce5-ac10ef1f61b0,43.96,2024-03-19 05:44:39,,Acer
-70.753587,-11.422158,21.58,127.97,Cedar,Alejandro,Lopez,4518066197634485419,13f5fcaa-6a0f-5fea-b1b1-7de916e89f62,191.51,2024-03-14 13:35:48,,Cedrus
-70.788948,-11.334454,25.86,,Maple,Carlos,Rodriguez,2525770196998878965,194c0d73-0092-5c49-9a1a-28b9a2c3ac41,102.38,2024-03-20 18:43:12,,Acer
-70.765576,-11.43113,5.33,18.9,Cedar,Maria,Flores,5636319078656093,3bf26fd4-f08b-543a-910a-27c199973856,24.53,2024-03-28 20:18:22,,Cedrus
-70.642803,-11.529294,29.23,146.45,Maple,Pedro,Rodriguez,4657199313265762114,c5298fc4-23b0-5d86-bf40-35dfb6b60256,154.82,2024-03-13 20:34:24,1971-02-10,Acer
-70.518955,-11.482014,30.42,,Palm,Maria,Flores,5636319078656093,3bf26fd4-f08b-543a-910a-27c199973856,24.53,2024-03-02 11:11:34,,Arecaceae
-70.53045,-11.348173,8.45,27.42,Bamboo,Rosa,Rodriguez,4590364070282946098,64f69e1e-8c2a-57f9-bce5-ac10ef1f61b0,43.96,2024-03-03 17:44:57,1971-02-04,Bambusoideae
-70.549134,-11.519434,2.87,,Cedar,Pedro,Rodriguez,4657199313265762114,c5298fc4-23b0-5d86-bf40-35dfb6b60256,154.82,2024-03-03 06:32:59,,Cedrus
-70.570111,-11.327682,6.82,,Bamboo,Sebastian,Gonzalez,4869115316512327290,421ddcac-3622-5a93-9500-e30551abab45,164.11,2024-03-02 08:07:42,1971-03-01,Bambusoideae
-70.722119,-11.546567,31.98,,Eucalyptus,Carlos,Rodriguez,2525770196998878965,194c0d73-0092-5c49-9a1a-28b9a2c3ac41,102.38,2024-03-24 03:32:36,,Eucalyptus
-70.640993,-11.402574,12.24,,Pine,Rosa,Rodriguez,4590364070282946098,64f69e1e-8c2a-57f9-bce5-ac10ef1f61b0,43.96,2024-03-21 21:40:57,,Pinus
-70.671035,-11.509453,12.71,52.7,Cedar,Luis,Martinez,902301226267571442,4f2cd9d6-5db6-5081-92a5-517f1b92949a,173.78,2024-03-15 22:29:04,,Cedrus
-70.507828,-11.41811,14.86,57.46,Willow,Luis,Martinez,902301226267571442,4f2cd9d6-5db6-5081-92a5-517f1b92949a,173.78,2024-03-23 06:33:42,1970-03-20,Salix
-70.750484,-11.474281,6.34,,Fir,Alejandro,Lopez,4518066197634485419,13f5fcaa-6a0f-5fea-b1b1-7de916e89f62,191.51,2024-03-25 07:09:20,,Abies
-70.625763,-11.36672,28.8,,Palm,Luis,Martinez,902301226267571442,4f2cd9d6-5db6-5081-92a5-517f1b92949a,173.78,2024-03-09 05:07:40,,Arecaceae
-70.720788,-11.461319,23.0,103.38,Eucalyptus,Pedro,Rodriguez,4657199313265762114,c5298fc4-23b0-5d86-bf40-35dfb6b60256,154.82,2024-03-29 05:51:21,,Eucalyptus
-70.576283,-11.347117,10.88,41.13,Pine,Rosa,Rodriguez,4590364070282946098,64f69e1e-8c2a-57f9-bce5-ac10ef1f61b0,43.96,2024-03-24 19:58:30,,Pinus
-70.694503,-11.383978,33.82,148.82,Willow,Carlos,Rodriguez,2525770196998878965,194c0d73-0092-5c49-9a1a-28b9a2c3ac41,102.38,2024-03-18 11:51:13,,Salix
-70.516128,-11.519516,24.11,72.55,Pine,Maria,Flores,5636319078656093,3bf26fd4-f08b-543a-910a-27c199973856,24.53,2024-03-28 19:31:28,,Pinus
-70.754124,-11.449066,27.96,,Palm,Alejandro,Lopez,4518066197634485419,13f5fcaa-6a0f-5fea-b1b1-7de916e89f62,191.51,2024-03-07 03:01:09,,Arecaceae
-70.500744,-11.317008,5.23,,Cedar,Jorge,Garcia,5527177998482386523,42847deb-48ca-5ed9-b8c0-33c1c345b8ee,81.54,2024-03-13 05:35:43,1971-04-27,Cedrus
-70.555897,-11.517986,31.05,,Oak,Rosa,Rodriguez,4590364070282946098,64f69e1e-8c2a-57f9-bce5-ac10ef1f61b0,43.96,2024-03-17 17:57:21,,Quercus
-70.602835,-11.472833,6.4,28.51,Oak,Rosa,Rodriguez,4590364070282946098,64f69e1e-8c2a-57f9-bce5-ac10ef1f61b0,43.96,2024-03-28 12:44:54,,Quercus
-70.566872,-11.429388,23.91,74.62,Palm,Maria,Flores,5636319078656093,3bf26fd4-f08b-543a-910a-27c199973856,24.53,2024-03-18 10:40:20,,Arecaceae
-70.526072,-11.382721,29.25,127.76,Maple,Maria,Flores,5636319078656093,3bf26fd4-f08b-543a-910a-27c199973856,24.53,2024-03-19 15:01:37,,Acer
-70.548583,-11.432505,34.74,126.97,Oak,Luis,Martinez,902301226267571442,4f2cd9d6-5db6-5081-92a5-517f1b92949a,173.78,2024-03-22 22:38:40,1970-03-20,Quercus
-70.530347,-11.431566,28.25,,Cedar,Carlos,Rodriguez,2525770196998878965,194c0d73-0092-5c49-9a1a-28b9a2c3ac41,102.38,2024-03-07 19:37:37,,Cedrus
-70.711654,-11.547792,28.98,,Maple,Alejandro,Lopez,4518066197634485419,13f5fcaa-6a0f-5fea-b1b1-7de916e89f62,191.51,2024-03-23 20:45:20,,Acer
-70.678138,-11.400448,27.1,107.05,Palm,Carlos,Rodriguez,2525770196998878965,194c0d73-0092-5c49-9a1a-28b9a2c3ac41,102.38,2024-03-13 19:41:31,,Arecaceae
-70.722097,-11.310301,22.89,109.98,Eucalyptus,Fernando,Gonzalez,73514415500322874,1005a79a-4349-57a0-af7f-9908d7645291,0.81,2024-03-26 21:30:51,,Eucalyptus
-70.791324,-11.418675,18.08,,Willow,Luis,Martinez,6047588694800530430,01570370-040e-509a-b8ab-a7d73f614b31,2.2,2024-03-11 19:48:40,,Salix
-70.527679,-11.531478,21.24,,Pine,Alejandro,Lopez,4518066197634485419,13f5fcaa-6a0f-5fea-b1b1-7de916e89f62,191.51,2024-03-27 06:57:30,,Pinus
-70.782383,-11.389323,18.7,85.2,Fir,Maria,Flores,5636319078656093,3bf26fd4-f08b-543a-910a-27c199973856,24.53,2024-03-11 05:49:22,,Abies
-70.532675,-11.317155,33.2,,Willow,Fernando,Gonzalez,73514415500322874,1005a79a-4349-57a0-af7f-9908d7645291,90.15,2024-03-07 03:52:54,,Salix
-70.663377,-11.497302,26.33,83.84,Bamboo,Ana,Lopez,6181705172969536148,30637841-124b-5a8a-981c-b1edb326908f,0.66,2024-03-17 18:02:20,,Bambusoideae
-70.612759,-11.426612,2.55,10.35,Palm,Rosa,Rodriguez,4590364070282946098,64f69e1e-8c2a-57f9-bce5-ac10ef1f61b0,0.4,2024-03-01 11:29:14,,Arecaceae
-70.620831,-11.420468,8.58,,Cedar,Carlos,Rodriguez,2525770196998878965,194c0d73-0092-5c49-9a1a-28b9a2c3ac41,102.38,2024-03-19 17:48:28,,Cedrus
-70.66805,-11.48723,34.7,,Oak,Luis,Martinez,902301226267571442,4f2cd9d6-5db6-5081-92a5-517f1b92949a,173.78,2024-03-31 18:25:33,1970-03-20,Quercus
-70.712998,-11.441299,13.63,,Pine,Fernando,Gonzalez,73514415500322874,1005a79a-4349-57a0-af7f-9908d7645291,90.15,2024-03-29 01:50:09,,Pinus
-70.741154,-11.336282,3.02,,Cedar,Pedro,Rodriguez,4657199313265762114,c5298fc4-23b0-5d86-bf40-35dfb6b60256,1.39,2024-03-28 19:24:37,,Cedrus
-70.672094,-11.364713,27.29,,Palm,Luis,Martinez,6047588694800530430,01570370-040e-509a-b8ab-a7d73f614b31,2.2,2024-03-08 06:27:02,,Arecaceae
-70.693206,-11.518951,3.65,14.2,Eucalyptus,Jorge,Garcia,5527177998482386523,42847deb-48ca-5ed9-b8c0-33c1c345b8ee,81.54,2024-03-19 02:50:40,1971-04-27,Eucalyptus
-70.610119,-11.434049,4.41,25.57,Maple,Fernando,Gonzalez,73514415500322874,1005a79a-4349-57a0-af7f-9908d7645291,90.15,2024-03-08 09:43:07,,Acer
-70.757201,-11.323063,26.05,146.07,Cedar,Ana,Lopez,6181705172969536148,30637841-124b-5a8a-981c-b1edb326908f,73.08,2024-03-08 05:54:33,,Cedrus
-70.69811,-11.442591,24.8,130.12,Willow,Rosa,Rodriguez,4590364070282946098,64f69e1e-8c2a-57f9-bce5-ac10ef1f61b0,0.4,2024-03-12 12:43:40,,Salix
-70.753973,-11.381395,22.16,,Palm,Luis,Martinez,902301226267571442,4f2cd9d6-5db6-5081-92a5-517f1b92949a,173.78,2024-03-22 06:27:37,,Arecaceae
-70.673084,-11.357203,14.67,71.5,Bamboo,Maria,Flores,5636319078656093,3bf26fd4-f08b-543a-910a-27c199973856,24.53,2024-03-12 21:20:25,,Bambusoideae
-70.577175,-11.506319,24.36,,Maple,Pedro,Rodriguez,4657199313265762114,c5298fc4-23b0-5d86-bf40-35dfb6b60256,154.82,2024-03-14 00:31:20,,Acer
-70.658604,-11.521533,18.1,,Maple,Rosa,Rodriguez,4590364070282946098,64f69e1e-8c2a-57f9-bce5-ac10ef1f61b0,43.96,2024-03-17 20:12:35,,Acer
-70.667846,-11.484144,12.06,,Fir,Rosa,Rodriguez,4590364070282946098,64f69e1e-8c2a-57f9-bce5-ac10ef1f61b0,43.96,2024-03-05 14:10:22,,Abies
-70.728023,-11.350765,29.5,,Willow,Fernando,Gonzalez,73514415500322874,1005a79a-4349-57a0-af7f-9908d7645291,90.15,2024-03-27 17:31:37,,Salix
-70.507988,-11.376105,5.39,27.22,Bamboo,Ana,Lopez,6181705172969536148,30637841-124b-5a8a-981c-b1edb326908f,73.08,2024-03-22 10:39:33,1971-06-23,Bambusoideae
-70.538244,-11.386442,24.99,144.43,Willow,Maria,Flores,5636319078656093,3bf26fd4-f08b-543a-910a-27c199973856,24.53,2024-03-05 13:48:39,,Salix
-70.754518,-11.31415,11.66,48.55,Fir,Rosa,Rodriguez,4590364070282946098,64f69e1e-8c2a-57f9-bce5-ac10ef1f61b0,43.96,2024-03-27 12:45:20,,Abies
-70.643465,-11.498575,17.75,81.16,Pine,Sebastian,Gonzalez,4869115316512327290,421ddcac-3622-5a93-9500-e30551abab45,164.11,2024-03-24 21:44:34,,Pinus
-70.749723,-11.443333,22.12,82.31,Pine,Ana,Lopez,6181705172969536148,30637841-124b-5a8a-981c-b1edb326908f,73.08,2024-03-23 00:44:17,,Pinus
-70.742444,-11.443478,23.77,,Fir,Luis,Martinez,6047588694800530430,01570370-040e-509a-b8ab-a7d73f614b31,2.2,2024-03-18 18:15:21,,Abies
-70.72123,-11.357691,14.69,,Bamboo,Ana,Lopez,6181705172969536148,30637841-124b-5a8a-981c-b1edb326908f,73.08,2024-03-18 23:49:52,1971-06-23,Bambusoideae
-70.607398,-11.42098,6.34,27.33,Eucalyptus,Maria,Flores,5636319078656093,3bf26fd4-f08b-543a-910a-27c199973856,24.53,2024-03-16 20:10:56,,Eucalyptus
-70.559155,-11.437786,34.7,,Oak,Ana,Lopez,6181705172969536148,30637841-124b-5a8a-981c-b1edb326908f,73.08,2024-03-16 23:15:38,,Quercus
-70.528444,-11.348863,2.17,,Palm,Fernando,Gonzalez,73514415500322874,1005a79a-4349-57a0-af7f-9908d7645291,90.15,2024-03-04 23:37:23,,Arecaceae
-70.517385,-11.470804,22.53,,Willow,Rosa,Rodriguez,4590364070282946098,64f69e1e-8c2a-57f9-bce5-ac10ef1f61b0,43.96,2024-03-26 05:15:25,,Salix
-70.666509,-11.475696,7.16,40.62,Pine,Jorge,Garcia,5527177998482386523,42847deb-48ca-5ed9-b8c0-33c1c345b8ee,81.54,2024-03-01 15:48:40,,Pinus
-70.564199,-11.392946,26.03,,Pine,Jorge,Garcia,5527177998482386523,42847deb-48ca-5ed9-b8c0-33c1c345b8ee,81.54,2024-03-25 03:50:41,,Pinus
-70.693246,-11.379695,17.68,,Pine,Fernando,Gonzalez,73514415500322874,1005a79a-4349-57a0-af7f-9908d7645291,90.15,2024-03-20 17:45:31,,Pinus
-70.508322,-11.478669,17.34,,Cedar,Luis,Martinez,6047588694800530430,01570370-040e-509a-b8ab-a7d73f614b31,2.2,2024-03-21 23:20:32,,Cedrus
-70.763538,-11.414228,34.96,,Willow,Ana,Lopez,6181705172969536148,30637841-124b-5a8a-981c-b1edb326908f,73.08,2024-03-08 06:40:19,,Salix
-70.581216,-11.468152,31.44,,Maple,Luis,Martinez,6047588694800530430,01570370-040e-509a-b8ab-a7d73f614b31,0.02,2024-03-05 15:11:26,,Acer
-70.773703,-11.471045,20.85,123.51,Palm,Maria,Flores,5636319078656093,3bf26fd4-f08b-543a-910a-27c199973856,24.53,2024-03-25 17:15:55,1970-01-01,Arecaceae
-70.597727,-11.442258,31.96,,Bamboo,Alejandro,Lopez,4518066197634485419,13f5fcaa-6a0f-5fea-b1b1-7de916e89f62,191.51,2024-03-24 01:10:50,,Bambusoideae
-70.517883,-11.494146,15.62,,Maple,Pedro,Rodriguez,4657199313265762114,c5298fc4-23b0-5d86-bf40-35dfb6b60256,154.82,2024-03-01 16:24:39,,Acer
-70.63949,-11.370909,14.83,76.68,Eucalyptus,Fernando,Gonzalez,73514415500322874,1005a79a-4349-57a0-af7f-9908d7645291,90.15,2024-03-31 13:23:32,,Eucalyptus
-70.53921,-11.414798,2.09,,Bamboo,Sebastian,Gonzalez,4869115316512327290,421ddcac-3622-5a93-9500-e30551abab45,164.11,2024-03-11 21:40:49,1971-03-01,Bambusoideae
-70.646432,-11.477823,29.16,,Palm,Carlos,Rodriguez,2525770196998878965,194c0d73-0092-5c49-9a1a-28b9a2c3ac41,102.38,2024-03-04 12:01:56,,Arecaceae
-70.683302,-11.348498,5.94,20.83,Pine,Carlos,Rodriguez,2525770196998878965,194c0d73-0092-5c49-9a1a-28b9a2c3ac41,102.38,2024-03-26 00:37:46,,Pinus
-70.734082,-11.399562,31.78,99.94,Fir,Rosa,Rodriguez,4590364070282946098,64f69e1e-8c2a-57f9-bce5-ac10ef1f61b0,43.96,2024-03-05 08:03:48,1971-02-04,Abies
-70.692682,-11.342475,7.88,,Pine,Alejandro,Lopez,4518066197634485419,13f5fcaa-6a0f-5fea-b1b1-7de916e89f62,191.51,2024-03-19 04:49:29,,Pinus
-70.631344,-11.354142,4.72,14.16,Fir,Rosa,Rodriguez,4590364070282946098,64f69e1e-8c2a-57f9-bce5-ac10ef1f61b0,43.96,2024-03-09 12:56:22,,Abies
-70.688383,-11.313813,7.75,26.59,Fir,Rosa,Rodriguez,4590364070282946098,64f69e1e-8c2a-57f9-bce5-ac10ef1f61b0,43.96,2024-03-31 18:58:11,1971-02-04,Abies
-70.665485,-11.332631,7.78,34.15,Bamboo,Jorge,Garcia,5527177998482386523,42847deb-48ca-5ed9-b8c0-33c1c345b8ee,81.54,2024-03-23 11:59:51,1971-04-27,Bambusoideae
-70.694227,-11.317406,17.05,,Palm,Pedro,Rodriguez,4657199313265762114,c5298fc4-23b0-5d86-bf40-35dfb6b60256,154.82,2024-03-10 12:45:48,,Arecaceae
-70.638029,-11.455119,6.02,33.38,Maple,Carlos,Rodriguez,2525770196998878965,194c0d73-0092-5c49-9a1a-28b9a2c3ac41,102.38,2024-03-24 12:21:12,1970-08-08,Acer
-70.612234,-11.418852,34.43,,Cedar,Pedro,Rodriguez,4657199313265762114,c5298fc4-23b0-5d86-bf40-35dfb6b60256,154.82,2024-03-28 18:55:34,,Cedrus
-70.720875,-11.369697,26.71,,Fir,Pedro,Rodriguez,4657199313265762114,c5298fc4-23b0-5d86-bf40-35dfb6b60256,154.82,2024-03-11 04:09:18,,Abies
-70.545455,-11.542223,24.65,129.11,Pine,Rosa,Rodriguez,4590364070282946098,64f69e1e-8c2a-57f9-bce5-ac10ef1f61b0,43.96,2024-03-11 22:53:03,,Pinus
-70.692952,-11.526698,31.9,151.38,Maple,Maria,Flores,5636319078656093,3bf26fd4-f08b-543a-910a-27c199973856,24.53,2024-03-14 10:40:56,,Acer
-70.584997,-11.378472,17.24,,Willow,Maria,Flores,5636319078656093,3bf26fd4-f08b-543a-910a-27c199973856,24.53,2024-03-17 13:17:07,,Salix
-70.597395,-11.337668,5.69,,Pine,Sebastian,Gonzalez,4869115316512327290,421ddcac-3622-5a93-9500-e30551abab45,164.11,2024-03-23 16:08:53,1971-03-01,Pinus
-70.721294,-11.486228,7.22,,Eucalyptus,Rosa,Rodriguez,4590364070282946098,64f69e1e-8c2a-57f9-bce5-ac10ef1f61b0,43.96,2024-03-03 19:25:59,,Eucalyptus
-70.797235,-11.338689,17.4,,Fir,Carlos,Rodriguez,2525770196998878965,194c0d73-0092-5c49-9a1a-28b9a2c3ac41,102.38,2024-03-27 04:45:30,,Abies
-70.756779,-11.428346,26.63,,Eucalyptus,Rosa,Rodriguez,4590364070282946098,64f69e1e-8c2a-57f9-bce5-ac10ef1f61b0,43.96,2024-03-22 22:31:47,,Eucalyptus
-70.583455,-11.428539,3.63,16.41,Cedar,Pedro,Rodriguez,4657199313265762114,c5298fc4-23b0-5d86-bf40-35dfb6b60256,154.82,2024-03-20 20:28:05,,Cedrus
-70.727994,-11.311121,16.05,,Willow,Rosa,Rodriguez,4590364070282946098,64f69e1e-8c2a-57f9-bce5-ac10ef1f61b0,43.96,2024-03-15 07:16:38,1971-02-04,Salix
-70.591824,-11.469985,9.16,50.63,Bamboo,Carlos,Rodriguez,2525770196998878965,194c0d73-0092-5c49-9a1a-28b9a2c3ac41,102.38,2024-03-22 09:46:16,1970-08-08,Bambusoideae
-70.737702,-11.51372,22.76,99.16,Eucalyptus,Alejandro,Lopez,4518066197634485419,13f5fcaa-6a0f-5fea-b1b1-7de916e89f62,191.51,2024-03-31 17:05:10,,Eucalyptus
-70.542575,-11.382646,24.82,,Maple,Sebastian,Gonzalez,4869115316512327290,421ddcac-3622-5a93-9500-e30551abab45,164.11,2024-03-23 18:21:38,1971-03-01,Acer
-70.551019,-11.310071,30.21,,Pine,Fernando,Gonzalez,73514415500322874,1005a79a-4349-57a0-af7f-9908d7645291,90.15,2024-03-20 04:57:31,,Pinus
-70.635492,-11.423684,27.31,90.65,Palm,Luis,Martinez,902301226267571442,4f2cd9d6-5db6-5081-92a5-517f1b92949a,173.78,2024-03-22 17:14:23,,Arecaceae
-70.679959,-11.504624,24.41,99.5,Bamboo,Jorge,Garcia,5527177998482386523,42847deb-48ca-5ed9-b8c0-33c1c345b8ee,81.54,2024-03-09 02:15:03,,Bambusoideae
-70.700855,-11.518669,3.66,14.44,Fir,Alejandro,Lopez,4518066197634485419,13f5fcaa-6a0f-5fea-b1b1-7de916e89f62,191.51,2024-03-05 20:00:31,,Abies
-70.633302,-11.387795,25.88,,Willow,Fernando,Gonzalez,73514415500322874,1005a79a-4349-57a0-af7f-9908d7645291,90.15,2024-03-22 07:31:14,,Salix
-70.663558,-11.497261,19.59,,Willow,Fernando,Gonzalez,73514415500322874,1005a79a-4349-57a0-af7f-9908d7645291,90.15,2024-03-19 21:17:41,,Salix
-70.707702,-11.32922,14.54,87.06,Maple,Carlos,Rodriguez,2525770196998878965,194c0d73-0092-5c49-9a1a-28b9a2c3ac41,102.38,2024-03-25 01:42:41,,Acer
-70.602037,-11.334169,10.67,,Willow,Luis,Martinez,902301226267571442,4f2cd9d6-5db6-5081-92a5-517f1b92949a,173.78,2024-03-13 08:47:43,,Salix
-70.799581,-11.482821,6.75,34.54,Willow,Luis,Martinez,902301226267571442,4f2cd9d6-5db6-5081-92a5-517f1b92949a,173.78,2024-03-19 21:36:43,1970-03-20,Salix
-70.562022,-11.520835,9.86,53.66,Bamboo,Rosa,Rodriguez,4590364070282946098,64f69e1e-8c2a-57f9-bce5-ac10ef1f61b0,43.96,2024-03-17 22:07:44,,Bambusoideae
-70.610433,-11.35981,18.22,75.92,Palm,Pedro,Rodriguez,4657199313265762114,c5298fc4-23b0-5d86-bf40-35dfb6b60256,154.82,2024-03-16 14:04:42,,Arecaceae
-70.544533,-11.473675,24.31,118.03,Pine,Carlos,Rodriguez,2525770196998878965,194c0d73-0092-5c49-9a1a-28b9a2c3ac41,102.38,2024-03-28 12:04:34,,Pinus
-70.793142,-11.514462,16.23,,Fir,Pedro,Rodriguez,4657199313265762114,c5298fc4-23b0-5d86-bf40-35dfb6b60256,154.82,2024-03-24 17:15:40,,Abies
-70.647292,-11.473811,13.25,44.6,Bamboo,Sebastian,Gonzalez,4869115316512327290,421ddcac-3622-5a93-9500-e30551abab45,164.11,2024-03-14 22:57:10,1971-03-01,Bambusoideae
-70.508942,-11.502508,26.46,,Eucalyptus,Sebastian,Gonzalez,4869115316512327290,421ddcac-3622-5a93-9500-e30551abab45,164.11,2024-03-12 03:38:27,,Eucalyptus
-70.661553,-11.441731,17.98,73.76,Oak,Sebastian,Gonzalez,4869115316512327290,421ddcac-3622-5a93-9500-e30551abab45,164.11,2024-03-06 13:58:16,,Quercus
-70.781915,-11.407468,27.44,142.63,Pine,Jorge,Garcia,5527177998482386523,42847deb-48ca-5ed9-b8c0-33c1c345b8ee,81.54,2024-03-20 09:24:38,,Pinus
-70.545818,-11.340931,10.65,55.83,Palm,Maria,Flores,5636319078656093,3bf26fd4-f08b-543a-910a-27c199973856,24.53,2024-03-18 23:03:58,,Arecaceae
-70.591482,-11.48253,27.39,88.98,Fir,Pedro,Rodriguez,4657199313265762114,c5298fc4-23b0-5d86-bf40-35dfb6b60256,154.82,2024-03-27 12:05:28,,Abies
-70.663367,-11.311874,9.61,35.71,Pine,Pedro,Rodriguez,4657199313265762114,c5298fc4-23b0-5d86-bf40-35dfb6b60256,154.82,2024-03-10 14:32:47,,Pinus
-70.655402,-11.453368,5.17,,Palm,Carlos,Rodriguez,2525770196998878965,194c0d73-0092-5c49-9a1a-28b9a2c3ac41,102.38,2024-03-22 06:25:16,,Arecaceae
-70.718454,-11.521243,25.67,137.78,Palm,Rosa,Rodriguez,4590364070282946098,64f69e1e-8c2a-57f9-bce5-ac10ef1f61b0,43.96,2024-03-17 07:50:27,,Arecaceae
-70.608709,-11.32015,33.19,,Bamboo,Alejandro,Lopez,4518066197634485419,13f5fcaa-6a0f-5fea-b1b1-7de916e89f62,191.51,2024-03-16 16:12:40,1971-01-29,Bambusoideae
-70.586202,-11.500459,31.58,,Fir,Sebastian,Gonzalez,4869115316512327290,421ddcac-3622-5a93-9500-e30551abab45,164.11,2024-03-07 05:33:41,,Abies
-70.661133,-11.467314,20.31,117.68,Bamboo,Sebastian,Gonzalez,4869115316512327290,421ddcac-3622-5a93-9500-e30551abab45,164.11,2024-03-27 02:47:55,1971-03-01,Bambusoideae
-70.683293,-11.543333,17.97,,Pine,Carlos,Rodriguez,2525770196998878965,194c0d73-0092-5c49-9a1a-28b9a2c3ac41,0.92,2024-03-30 14:50:07,,Pinus
-70.576992,-11.537957,3.25,18.17,Eucalyptus,Ana,Lopez,6181705172969536148,30637841-124b-5a8a-981c-b1edb326908f,73.08,2024-03-22 05:03:04,,Eucalyptus
-70.70514,-11.525669,26.0,128.07,Maple,Carlos,Rodriguez,2525770196998878965,194c0d73-0092-5c49-9a1a-28b9a2c3ac41,102.38,2024-03-15 18:10:16,1970-08-08,Acer
-70.543148,-11.499429,5.08,30.17,Fir,Pedro,Rodriguez,4657199313265762114,c5298fc4-23b0-5d86-bf40-35dfb6b60256,154.82,2024-03-16 08:17:05,1971-02-10,Abies
-70.693674,-11.317025,26.07,,Pine,Jorge,Garcia,5527177998482386523,42847deb-48ca-5ed9-b8c0-33c1c345b8ee,81.54,2024-03-27 05:08:05,,Pinus
-70.512794,-11.445174,32.35,173.25,Fir,Alejandro,Lopez,4518066197634485419,13f5fcaa-6a0f-5fea-b1b1-7de916e89f62,191.51,2024-03-01 06:53:11,,Abies
-70.747754,-11.532928,13.05,56.38,Oak,Maria,Flores,5636319078656093,3bf26fd4-f08b-543a-910a-27c199973856,24.53,2024-03-06 02:17:34,1970-01-01,Quercus
-70.750346,-11.366971,34.02,,Willow,Sebastian,Gonzalez,4869115316512327290,421ddcac-3622-5a93-9500-e30551abab45,164.11,2024-03-26 17:10:38,,Salix
-70.790695,-11.413842,13.22,72.09,Cedar,Alejandro,Lopez,4518066197634485419,13f5fcaa-6a0f-5fea-b1b1-7de916e89f62,191.51,2024-03-20 22:29:01,,Cedrus
-70.569429,-11.381588,23.7,92.41,Pine,Luis,Martinez,902301226267571442,4f2cd9d6-5db6-5081-92a5-517f1b92949a,173.78,2024-03-06 17:23:10,,Pinus
-70.754467,-11.403846,14.27,,Fir,Luis,Martinez,902301226267571442,4f2cd9d6-5db6-5081-92a5-517f1b92949a,173.78,2024-03-14 23:32:15,,Abies
-70.589324,-11.522782,9.5,,Eucalyptus,Maria,Flores,5636319078656093,3bf26fd4-f08b-543a-910a-27c199973856,24.53,2024-03-05 21:08:11,1970-01-01,Eucalyptus
-70.615924,-11.429694,31.17,121.86,Fir,Luis,Martinez,902301226267571442,4f2cd9d6-5db6-5081-92a5-517f1b92949a,173.78,2024-03-29 17:04:29,1970-03-20,Abies
-70.735448,-11.451825,26.37,104.53,Fir,Carlos,Rodriguez,2525770196998878965,194c0d73-0092-5c49-9a1a-28b9a2c3ac41,102.38,2024-03-19 22:09:17,1970-08-08,Abies
-70.641514,-11.531964,14.92,81.42,Maple,Carlos,Rodriguez,2525770196998878965,194c0d73-0092-5c49-9a1a-28b9a2c3ac41,102.38,2024-03-10 11:40:14,,Acer
-70.623375,-11.47909,17.94,,Oak,Rosa,Rodriguez,4590364070282946098,64f69e1e-8c2a-57f9-bce5-ac10ef1f61b0,43.96,2024-03-03 18:59:27,,Quercus
-70.792695,-11.529224,5.28,,Willow,Ana,Lopez,6181705172969536148,30637841-124b-5a8a-981c-b1edb326908f,73.08,2024-03-18 02:33:16,1971-06-23,Salix
-70.544103,-11.502942,16.25,79.61,Eucalyptus,Jorge,Garcia,5527177998482386523,42847deb-48ca-5ed9-b8c0-33c1c345b8ee,81.54,2024-03-19 15:58:59,1971-04-27,Eucalyptus
-70.578281,-11.361032,2.47,11.3,Bamboo,Ana,Lopez,6181705172969536148,30637841-124b-5a8a-981c-b1edb326908f,73.08,2024-03-09 10:48:17,1971-06-23,Bambusoideae
-70.763656,-11.350145,4.7,16.17,Maple,Sebastian,Gonzalez,4869115316512327290,421ddcac-3622-5a93-9500-e30551abab45,164.11,2024-03-07 21:05:27,1971-03-01,Acer
-70.780787,-11.526604,2.2,6.77,Cedar,Carlos,Rodriguez,2525770196998878965,194c0d73-0092-5c49-9a1a-28b9a2c3ac41,102.38,2024-03-17 11:36:12,1970-08-08,Cedrus
-70.758301,-11.41773,33.55,,Pine,Carlos,Rodriguez,2525770196998878965,194c0d73-0092-5c49-9a1a-28b9a2c3ac41,102.38,2024-03-16 23:16:01,,Pinus
-70.730748,-11.54559,34.55,,Willow,Sebastian,Gonzalez,4869115316512327290,421ddcac-3622-5a93-9500-e30551abab45,164.11,2024-03-21 19:45:13,,Salix
-70.798036,-11.32035,16.34,,Maple,Pedro,Rodriguez,4657199313265762114,c5298fc4-23b0-5d86-bf40-35dfb6b60256,1.39,2024-03-08 10:44:12,,Acer
-70.67091,-11.477309,19.63,,Oak,Ana,Lopez,6181705172969536148,30637841-124b-5a8a-981c-b1edb326908f,73.08,2024-03-15 07:51:00,,Quercus
-70.62181,-11.374739,24.96,112.51,Palm,Carlos,Rodriguez,2525770196998878965,194c0d73-0092-5c49-9a1a-28b9a2c3ac41,102.38,2024-03-18 14:24:44,1970-08-08,Arecaceae
-70.63041,-11.341757,12.8,66.66,Palm,Luis,Martinez,6047588694800530430,01570370-040e-509a-b8ab-a7d73f614b31,2.2,2024-03-25 18:49:39,,Arecaceae
-70.641946,-11.503442,29.97,118.47,Pine,Sebastian,Gonzalez,4869115316512327290,421ddcac-3622-5a93-9500-e30551abab45,164.11,2024-03-18 16:41:36,,Pinus
-70.742859,-11.389585,7.12,,Oak,Carlos,Rodriguez,2525770196998878965,194c0d73-0092-5c49-9a1a-28b9a2c3ac41,102.38,2024-03-24 00:11:03,1970-08-08,Quercus
-70.550585,-11.399643,20.86,,Willow,Fernando,Gonzalez,73514415500322874,1005a79a-4349-57a0-af7f-9908d7645291,90.15,2024-03-26 15:38:00,,Salix
-70.753296,-11.389338,5.13,15.89,Maple,Alejandro,Lopez,4518066197634485419,13f5fcaa-6a0f-5fea-b1b1-7de916e89f62,191.51,2024-03-01 13:53:30,1971-01-29,Acer
-70.531495,-11.345352,5.4,,Oak,Carlos,Rodriguez,2525770196998878965,194c0d73-0092-5c49-9a1a-28b9a2c3ac41,102.38,2024-03-11 07:53:05,1970-08-08,Quercus
-70.561724,-11.437238,28.8,130.27,Palm,Sebastian,Gonzalez,4869115316512327290,421ddcac-3622-5a93-9500-e30551abab45,1.48,2024-03-30 03:11:33,,Arecaceae
-70.772354,-11.544613,2.84,9.85,Eucalyptus,Ana,Lopez,6181705172969536148,30637841-124b-5a8a-981c-b1edb326908f,73.08,2024-03-17 19:47:10,,Eucalyptus
-70.736893,-11.549498,12.9,58.09,Pine,Fernando,Gonzalez,73514415500322874,1005a79a-4349-57a0-af7f-9908d7645291,90.15,2024-03-31 03:02:06,,Pinus
-70.538508,-11.359426,33.11,,Cedar,Jorge,Garcia,5527177998482386523,42847deb-48ca-5ed9-b8c0-33c1c345b8ee,81.54,2024-03-17 16:57:51,1971-04-27,Cedrus
-70.769371,-11.36157,13.5,57.59,Oak,Luis,Martinez,902301226267571442,4f2cd9d6-5db6-5081-92a5-517f1b92949a,173.78,2024-03-20 00:28:51,,Quercus
-70.51249,-11.498702,3.32,10.25,Cedar,Maria,Flores,5636319078656093,3bf26fd4-f08b-543a-910a-27c199973856,24.53,2024-03-04 10:41:01,,Cedrus
-70.628458,-11.450776,12.32,,Oak,Ana,Lopez,6181705172969536148,30637841-124b-5a8a-981c-b1edb326908f,73.08,2024-03-01 05:05:15,,Quercus
-70.724453,-11.424784,7.77,,Pine,Ana,Lopez,6181705172969536148,30637841-124b-5a8a-981c-b1edb326908f,73.08,2024-03-31 21:42:13,,Pinus
-70.732309,-11.471337,29.21,,Pine,Fernando,Gonzalez,73514415500322874,1005a79a-4349-57a0-af7f-9908d7645291,90.15,2024-03-06 13:37:01,,Pinus
-70.780659,-11.320749,32.73,,Cedar,Ana,Lopez,6181705172969536148,30637841-124b-5a8a-981c-b1edb326908f,73.08,2024-03-01 06:40:53,,Cedrus
-70.515137,-11.456853,11.49,50.15,Maple,Ana,Lopez,6181705172969536148,30637841-124b-5a8a-981c-b1edb326908f,73.08,2024-03-25 09:36:40,,Acer
-70.66947,-11.349917,20.21,81.85,Willow,Sebastian,Gonzalez,4869115316512327290,421ddcac-3622-5a93-9500-e30551abab45,164.11,2024-03-31 04:00:27,,Salix
-70.737778,-11.35296,8.72,,Maple,Alejandro,Lopez,4518066197634485419,13f5fcaa-6a0f-5fea-b1b1-7de916e89f62,191.51,2024-03-20 22:52:48,,Acer
-70.611386,-11.420512,16.65,85.1,Eucalyptus,Fernando,Gonzalez,73514415500322874,1005a79a-4349-57a0-af7f-9908d7645291,90.15,2024-03-01 21:58:26,,Eucalyptus
-70.754209,-11.538813,9.78,,Maple,Fernando,Gonzalez,73514415500322874,1005a79a-4349-57a0-af7f-9908d7645291,90.15,2024-03-19 17:47:02,,Acer
-70.696429,-11.543387,28.2,141.41,Bamboo,Alejandro,Lopez,4518066197634485419,13f5fcaa-6a0f-5fea-b1b1-7de916e89f62,191.51,2024-03-02 14:30:36,1971-01-29,Bambusoideae
-70.663242,-11.404314,7.47,38.65,Oak,Rosa,Rodriguez,4590364070282946098,64f69e1e-8c2a-57f9-bce5-ac10ef1f61b0,43.96,2024-03-07 08:36:57,,Quercus
-70.577767,-11.313659,15.61,93.18,Eucalyptus,Alejandro,Lopez,4518066197634485419,13f5fcaa-6a0f-5fea-b1b1-7de916e89f62,191.51,2024-03-11 19:27:59,,Eucalyptus
-70.53202,-11.515581,10.08,,Bamboo,Carlos,Rodriguez,2525770196998878965,194c0d73-0092-5c49-9a1a-28b9a2c3ac41,102.38,2024-03-26 04:08:30,1970-08-08,Bambusoideae
-70.537168,-11.335979,11.72,,Bamboo,Sebastian,Gonzalez,4869115316512327290,421ddcac-3622-5a93-9500-e30551abab45,164.11,2024-03-04 20:07:12,,Bambusoideae
-70.618463,-11.469695,12.59,,Bamboo,Pedro,Rodriguez,4657199313265762114,c5298fc4-23b0-5d86-bf40-35dfb6b60256,154.82,2024-03-12 19:30:45,1971-02-10,Bambusoideae
-70.52308,-11.322441,24.14,,Eucalyptus,Sebastian,Gonzalez,4869115316512327290,421ddcac-3622-5a93-9500-e30551abab45,164.11,2024-03-16 04:54:19,,Eucalyptus
-70.635886,-11.466039,30.54,,Pine,Ana,Lopez,6181705172969536148,30637841-124b-5a8a-981c-b1edb326908f,73.08,2024-03-18 21:24:08,,Pinus
-70.756217,-11.367926,26.92,,Oak,Jorge,Garcia,5527177998482386523,42847deb-48ca-5ed9-b8c0-33c1c345b8ee,81.54,2024-03-30 14:39:32,,Quercus
-70.609662,-11.46826,15.59,,Bamboo,Maria,Flores,5636319078656093,3bf26fd4-f08b-543a-910a-27c199973856,24.53,2024-03-28 23:48:25,,Bambusoideae
-70.734288,-11.432193,23.55,139.03,Fir,Maria,Flores,5636319078656093,3bf26fd4-f08b-543a-910a-27c199973856,24.53,2024-03-29 19:54:39,,Abies
-70.743444,-11.527503,11.49,40.32,Oak,Fernando,Gonzalez,73514415500322874,1005a79a-4349-57a0-af7f-9908d7645291,90.15,2024-03-30 22:55:32,1970-01-07,Quercus
-70.622453,-11.339383,18.92,94.13,Cedar,Alejandro,Lopez,4518066197634485419,13f5fcaa-6a0f-5fea-b1b1-7de916e89f62,191.51,2024-03-01 10:06:54,1971-01-29,Cedrus
-70.665221,-11.404942,23.38,120.14,Bamboo,Ana,Lopez,6181705172969536148,30637841-124b-5a8a-981c-b1edb326908f,73.08,2024-03-15 09:44:48,,Bambusoideae
-70.587126,-11.406034,2.81,,Fir,Carlos,Rodriguez,2525770196998878965,194c0d73-0092-5c49-9a1a-28b9a2c3ac41,102.38,2024-03-26 04:41:37,1970-08-08,Abies
-70.524422,-11.538671,34.89,,Fir,Pedro,Rodriguez,4657199313265762114,c5298fc4-23b0-5d86-bf40-35dfb6b60256,154.82,2024-03-20 21:20:02,,Abies
-70.773374,-11.519323,28.42,106.4,Bamboo,Carlos,Rodriguez,2525770196998878965,194c0d73-0092-5c49-9a1a-28b9a2c3ac41,102.38,2024-03-28 10:12:44,,Bambusoideae
-70.627186,-11.378947,32.44,,Oak,Carlos,Rodriguez,2525770196998878965,194c0d73-0092-5c49-9a1a-28b9a2c3ac41,102.38,2024-03-23 19:08:49,,Quercus
-70.650062,-11.427733,30.1,,Bamboo,Rosa,Rodriguez,4590364070282946098,64f69e1e-8c2a-57f9-bce5-ac10ef1f61b0,43.96,2024-03-24 13:42:23,,Bambusoideae
-70.678933,-11.510356,14.75,85.1,Oak,Ana,Lopez,6181705172969536148,30637841-124b-5a8a-981c-b1edb326908f,73.08,2024-03-05 06:04:59,1971-06-23,Quercus
-70.558243,-11.333493,6.16,19.59,Maple,Fernando,Gonzalez,73514415500322874,1005a79a-4349-57a0-af7f-9908d7645291,90.15,2024-03-28 04:22:19,,Acer
-70.586547,-11.344504,18.55,,Maple,Maria,Flores,5636319078656093,3bf26fd4-f08b-543a-910a-27c199973856,24.53,2024-03-06 23:05:28,1970-01-01,Acer
-70.740101,-11.355714,26.81,81.61,Willow,Sebastian,Gonzalez,4869115316512327290,421ddcac-3622-5a93-9500-e30551abab45,164.11,2024-03-17 11:39:30,,Salix
-70.674714,-11.511514,20.62,80.69,Palm,Carlos,Rodriguez,2525770196998878965,194c0d73-0092-5c49-9a1a-28b9a2c3ac41,102.38,2024-03-23 15:20:21,,Arecaceae
-70.664351,-11.516121,16.34,53.74,Oak,Ana,Lopez,6181705172969536148,30637841-124b-5a8a-981c-b1edb326908f,73.08,2024-03-01 12:18:52,,Quercus
-70.505782,-11.395825,15.49,89.5,Pine,Fernando,Gonzalez,73514415500322874,1005a79a-4349-57a0-af7f-9908d7645291,90.15,2024-03-17 04:31:18,,Pinus
-70.526627,-11.395142,21.58,118.02,Pine,Alejandro,Lopez,4518066197634485419,13f5fcaa-6a0f-5fea-b1b1-7de916e89f62,191.51,2024-03-08 02:29:47,1971-01-29,Pinus
-70.57333,-11.42176,29.88,139.39,Willow,Ana,Lopez,6181705172969536148,30637841-124b-5a8a-981c-b1edb326908f,73.08,2024-03-11 05:22:26,1971-06-23,Salix
-70.507407,-11.488375,4.1,16.49,Pine,Luis,Martinez,902301226267571442,4f2cd9d6-5db6-5081-92a5-517f1b92949a,173.78,2024-03-12 07:00:19,,Pinus
-70.522015,-11.323811,30.18,116.7,Bamboo,Carlos,Rodriguez,2525770196998878965,194c0d73-0092-5c49-9a1a-28b9a2c3ac41,102.38,2024-03-13 14:28:20,1970-08-08,Bambusoideae
-70.58035,-11.448691,26.81,,Palm,Alejandro,Lopez,4518066197634485419,13f5fcaa-6a0f-5fea-b1b1-7de916e89f62,191.51,2024-03-26 10:44:01,,Arecaceae
-70.562356,-11.488832,22.88,122.78,Palm,Fernando,Gonzalez,73514415500322874,1005a79a-4349-57a0-af7f-9908d7645291,90.15,2024-03-03 16:58:58,,Arecaceae
-70.616034,-11.51078,25.71,119.05,Fir,Maria,Flores,5636319078656093,3bf26fd4-f08b-543a-910a-27c199973856,24.53,2024-03-17 01:20:23,1970-01-01,Abies
-70.757516,-11.427397,30.67,,Maple,Alejandro,Lopez,4518066197634485419,13f5fcaa-6a0f-5fea-b1b1-7de916e89f62,191.51,2024-03-08 11:07:13,,Acer
-70.561917,-11.311654,26.39,,Palm,Ana,Lopez,6181705172969536148,30637841-124b-5a8a-981c-b1edb326908f,73.08,2024-03-12 12:27:30,,Arecaceae
-70.555794,-11.493383,14.46,80.57,Bamboo,Sebastian,Gonzalez,4869115316512327290,421ddcac-3622-5a93-9500-e30551abab45,164.11,2024-03-14 21:53:29,,Bambusoideae
-70.630138,-11.330998,19.19,74.71,Cedar,Maria,Flores,5636319078656093,3bf26fd4-f08b-543a-910a-27c199973856,24.53,2024-03-29 21:44:16,,Cedrus
-70.543311,-11.542003,21.07,72.41,Pine,Sebastian,Gonzalez,4869115316512327290,421ddcac-3622-5a93-9500-e30551abab45,164.11,2024-03-11 17:17:55,1971-03-01,Pinus
-70.533434,-11.381591,14.11,,Maple,Fernando,Gonzalez,73514415500322874,1005a79a-4349-57a0-af7f-9908d7645291,90.15,2024-03-15 02:04:28,,Acer
-70.6712,-11.350658,16.92,61.05,Bamboo,Alejandro,Lopez,4518066197634485419,13f5fcaa-6a0f-5fea-b1b1-7de916e89f62,191.51,2024-03-19 06:57:24,,Bambusoideae
-70.646055,-11.312535,22.82,,Palm,Rosa,Rodriguez,4590364070282946098,64f69e1e-8c2a-57f9-bce5-ac10ef1f61b0,43.96,2024-03-23 07:02:57,,Arecaceae
-70.749388,-11.472759,14.06,70.87,Pine,Luis,Martinez,902301226267571442,4f2cd9d6-5db6-5081-92a5-517f1b92949a,173.78,2024-03-26 17:58:41,1970-03-20,Pinus
-70.694348,-11.513373,34.41,150.1,Pine,Alejandro,Lopez,4518066197634485419,13f5fcaa-6a0f-5fea-b1b1-7de916e89f62,191.51,2024-03-02 23:51:57,,Pinus
-70.623967,-11.472577,7.23,39.89,Eucalyptus,Sebastian,Gonzalez,4869115316512327290,421ddcac-3622-5a93-9500-e30551abab45,164.11,2024-03-25 05:46:42,,Eucalyptus
-70.763385,-11.328973,17.27,69.83,Palm,Rosa,Rodriguez,4590364070282946098,64f69e1e-8c2a-57f9-bce5-ac10ef1f61b0,43.96,2024-03-31 06:26:11,,Arecaceae
-70.695003,-11.424697,26.72,81.3,Bamboo,Pedro,Rodriguez,4657199313265762114,c5298fc4-23b0-5d86-bf40-35dfb6b60256,154.82,2024-03-10 07:22:10,,Bambusoideae
